Cluster,CustomerCount,TotalRevenue
0,1606,183968.10558926218
3,1359,49574.70727752732
1,861,22668.121680072192
2,7,16312.58547208421
